0.0,0.0,0.6940641239973842,0.697789179364993,0.6978008406838185,0.728840545229636,0.7288480875401254,0.7323519551678129,0.8265343822628783,0.8285496630988024
0.026180611753095016,0.026268815512582304,0.6935780199492887,0.6971903776538375,0.6974855062214819,0.7284815077146546,0.7285419318473855,0.7320211525412339,0.8269928929371506,0.8293333294025359
0.052328726420228996,0.05250499811564242,0.6919896655887006,0.6953347339385829,0.6966671155059343,0.7274563176573359,0.7276402190911494,0.7310820645796662,0.8272563104767042,0.8310172914333542
0.07841088166469481,0.07867586482399776,0.689121976164664,0.6922556226141747,0.6955565852287343,0.7259596174482763,0.726231231259229,0.7296760029222766,0.8269408294230397,0.8350409824347671
0.10439346784713896,0.10474769387589018,0.6849908296423302,0.6880208241395882,0.6942393880339957,0.7242012153938084,0.7244551911759706,0.7279338301789637,0.8263518434857565,0.840377529854869
0.13024230621854233,0.13068661432345885,0.6797598166335278,0.6827535745422922,0.6927126369929418,0.7223351671773264,0.7224390829177167,0.7259540443090816,0.8255649107455929,0.8466382423557615
0.15592112245621462,0.15645689160389245,0.6736272917967306,0.6766132508580461,0.6909755246942487,0.7202445591349529,0.7204490993410996,0.72382923071599,0.8246074725785731,0.8535154692372282
0.18139264744639075,0.1820213915616086,0.6667778991736145,0.6697641426414709,0.6890455640043089,0.7178816420999473,0.718576855271376,0.7216592204727823,0.8235008794599148,0.8606184830836452
0.206616623450369,0.20734022499125412,0.6593629746910293,0.6623485050043504,0.6869528336296434,0.715341247073051,0.7167341995823342,0.7195318409584991,0.8222624601943636,0.8669760505810374
0.23155156359383353,0.23237225124697955,0.6514948293068704,0.6544750165950314,0.6847356505023008,0.712644456572573,0.714929040813739,0.7174982550638095,0.8209191141460793,0.8712022070148995
0.2561522756383362,0.257072536138814,0.6432470347408467,0.6462159253267035,0.6824365255554035,0.7098458678275893,0.7131704809378013,0.7155737660294582,0.8194958636865657,0.8744917896682189
0.28037086908185055,0.2813935432518924,0.6346589355333557,0.6376100309277667,0.68010069646111,0.7070149214847845,0.711471042095753,0.7137592075268067,0.818022769622259,0.8777021756017517
0.3041559387862434,0.3052842092645735,0.6257401545045466,0.6286665658110933,0.677774448535108,0.7042193528833068,0.709846205496059,0.712055961889908,0.8165306656074031,0.8809817481554859
0.32745229673298976,0.3286896475859002,0.6164745508647825,0.6193688926584332,0.6755037915519203,0.7015198758078242,0.7083130554304965,0.7104699691479055,0.8150520888523748,0.88433679713611
0.3502010476617295,0.3515513090613994,0.606824635341325,0.6096788491698342,0.6733336582384595,0.6989696285859588,0.706889409644622,0.709011188254244,0.8136203453258085,0.8877179503979471
0.37233929319207143,0.37380665345138253,0.5967351144321212,0.5995401517966958,0.6713064658415102,0.696614600948143,0.7055923610093016,0.7076913674850951,0.8122678117197143,0.8910685684292035
0.3938002757650083,0.3953895010480912,0.5861386618994618,0.5888841758020362,0.6694620287116485,0.6944949457086232,0.7044376924977656,0.7065226316567175,0.8110255815669576,0.8943099395165971
0.4145125843469014,0.41622934637693104,0.574962141976369,0.5776358895737228,0.667836205221169,0.692644859205256,0.7034391500500917,0.705516194835503,0.809922480263515,0.8973490053231317
0.4343974604357369,0.4362494432619624,0.5631374767988624,0.5657241601447364,0.6664605092652406,0.6910931190305626,0.7026081131405036,0.7046816656902083,0.8089842671838978,0.9000785043866651
0.45335754506477705,0.45535753907782317,0.550622018757179,0.553100176681644,0.6653615200945777,0.6898631897878696,0.7019534737689186,0.7040266959843516,0.8082329672945432,0.9023819845645488
0.47122715522235153,0.47340365017170716,0.5374581144752519,0.5397896248097662,0.6645603555769107,0.6889731918100331,0.7014816378327033,0.7035568391023511,0.8076862086424963,0.9041431191857888
0.48746043275555795,0.48990705524701555,0.5240952947046508,0.5261760561920188,0.6640725800783221,0.6884363269077659,0.7011971421330205,0.7032760973759167,0.8073571784350211,0.9052607314726838
0.4972945021507883,0.5002465284085807,0.5152344590854924,0.5168181378876204,0.6639075417687683,0.6882603030982316,0.7011023973455945,0.7031865900119482,0.8072537197166652,0.9056657622524381
0.4979022959178102,0.5000720276667145,0.5154091038124919,0.517356933644894,0.6606473662424897,0.6876845195253359,0.7027618640247153,0.7033372418875453,0.8089392654222025,0.9051462952800897
0.4994755595267393,0.4997135504590632,0.5158967836468396,0.5189726386970867,0.6521620183111121,0.6859361543861919,0.703776083434019,0.706596044047758,0.8138349557286774,0.9035985009210672
0.4983213278698458,0.5027013337458945,0.5165608896377042,0.521644349890906,0.6406920163465188,0.6831575335710582,0.7044997912254051,0.7109940259238255,0.821349572147422,0.901200041211195
0.496385459457882,0.5068207899353785,0.5171270885738888,0.5253377687325372,0.6277182901098884,0.6795991760794605,0.7054918403114906,0.7153293546230566,0.8307165285786607,0.89823970654615
0.49336746293742323,0.5119981576854957,0.5171058406622346,0.5300061218444171,0.6143580330581868,0.6756150689984944,0.7067240743941692,0.7194773283945184,0.841103152896677,0.8951564756079196
0.4889148056248287,0.5154392577301445,0.5183486555699146,0.5355914186216971,0.6018156957502546,0.6716350722490727,0.7081591344624174,0.7234301206130577,0.8515003946409823,0.8926927588029148
0.48266733965892755,0.5112095381248297,0.5254072222258004,0.5420258824326247,0.5915823240403798,0.6681126144551537,0.7097535226520748,0.7271622224912339,0.860274792010137,0.8923110131984308
0.4825199585640069,0.5111760702708557,0.5254590191962428,0.5421682989056749,0.5913288999776023,0.6678964215242846,0.7099664048561833,0.7276191048055741,0.8605572039874377,0.8787840135296744
0.474940529526687,0.5036244003173962,0.5326808292563798,0.5487233613883662,0.5853066610499988,0.6654286869360879,0.7114921536002575,0.7307085816193416,0.8650839403605802,0.8790007641422837
0.4654541923956493,0.4923099509632688,0.5405269453606568,0.5558591378582021,0.5827936820111156,0.663918341210107,0.7130722829896404,0.7334597987427678,0.8660166622165215,0.8796048912038209
0.45400647712964415,0.4777484858322513,0.5489108058985113,0.5635082409858747,0.5833058455438186,0.6634835929531857,0.7146692264835105,0.7357736083010779,0.8650256527209345,0.8802669912981002
0.44063884671857456,0.4607471967067983,0.5577468753591548,0.5715999212563002,0.5860494831344106,0.6641373508349926,0.7162475461697125,0.7375516327807748,0.8634522053340263,0.8805684253251768
0.4254675120936642,0.4419782508198569,0.5669492982986469,0.5800609400595357,0.5903580704729756,0.6658087822687961,0.7177749681820536,0.7387157501833357,0.8619153943044223,0.8801652200520519
0.40865247254132736,0.42189508777516865,0.5764302573060875,0.588815461090384,0.5957766932597435,0.6683736751634481,0.7192236000249614,0.7392213092594948,0.8606611596677523,0.878836138708515
0.3903712643095416,0.4007894925843369,0.5861015039129288,0.5977856316038291,0.602008982514025,0.6716829733994168,0.7205714200884891,0.739068791627739,0.8597562041378332,0.8766348907012376
0.3707996410683226,0.378852497713109,0.5958741161391208,0.6068914763755746,0.6088563271034805,0.6755830179646842,0.7218028902529551,0.7383049099164313,0.8591668220496523,0.8737181860509118
0.3501010751500251,0.3562156468538628,0.6056590086102286,0.6160507918280514,0.6161771945033323,0.6799274848111894,0.7229099227416751,0.7370153973983433,0.8588007743576451,0.8702785163270678
0.32842243216258576,0.3329751294885194,0.6153671860423692,0.623862002835411,0.6251788828067506,0.6845827149925804,0.7238920017645529,0.7353133280428313,0.8585393068339503,0.8664907093759616
0.3058929432113678,0.3092054201167192,0.6249104536210357,0.6318165336407923,0.6341877378599561,0.6894288542655995,0.7247560251003252,0.733326366659448,0.8582534466940152,0.8624830079856346
0.282625724381729,0.28496758715255,0.6342039786309386,0.639948077896844,0.6429855132496671,0.6943586481244284,0.7255159753753676,0.7311871246461477,0.857815588025666,0.8583749010310574
0.25871979306115833,0.2603142128271356,0.64317017534353,0.6481516868233431,0.6514757823061105,0.699275163858233,0.7261924019564099,0.7290284267850456,0.8542611006603266,0.8570562286287224
0.2342620604286885,0.23529200593929073,0.6517392732895215,0.6562983353165103,0.6595564709407918,0.7040887281006786,0.7268114503112201,0.7269831061272376,0.8502224959423574,0.8556092936391434
0.20932987233925637,0.20994427529929185,0.6598407802092151,0.6642301834910387,0.6671205679019271,0.7087139664574725,0.7251888515904403,0.7274033874634916,0.8463317980354841,0.852577908121401
0.18399241192910337,0.18431148939325598,0.6673880506346971,0.6717586147747078,0.6740567554698609,0.713066433040386,0.7237957784725332,0.7280003427676495,0.8426559172163973,0.8480102792411114
0.1583121564091304,0.15843212242101085,0.6742696633755987,0.6786565988128213,0.6802533675137101,0.7170594681477522,0.7229718973434056,0.7286324637021638,0.8392605386328463,0.8431971267758558
0.13234304981829453,0.13234619138360945,0.6803494338572436,0.6846604700097471,0.685605457305542,0.7206015604793872,0.7228882163651064,0.7293217039910579,0.8362124690212618,0.838696110425945
0.10608126267018732,0.10614850801277345,0.6854677797508285,0.6895297481340551,0.6900278353336139,0.7235957287086378,0.7236451055058365,0.7300731875550656,0.8335814366281381,0.8347242496652393
0.07968122406690971,0.07976818478441916,0.6894449679648286,0.6931791530518867,0.6934643160634725,0.7251229237263941,0.7259490836902919,0.7308603497110233,0.831394923566237,0.8314556648615051
0.053178529446146545,0.053253565407716155,0.69214418817653,0.6957269930377293,0.6958958920329175,0.7268873751758815,0.7275984056818288,0.7316024834619701,0.8289118174842061,0.8298511702085177
0.02660622919766373,0.02664869332067293,0.6936150710228488,0.697280883612952,0.6973316142035625,0.7283075571428257,0.728548305766507,0.7321519883678477,0.8271696979994415,0.8288742293919449
0.0,0.0,0.6940640811393486,0.6977891095008193,0.6978007098065119,0.7288405764021295,0.7288480229175606,0.7323519235725459,0.8265467755003629,0.8285482570334395
0.026339626941961486,0.02634033823039507,0.6936838758603342,0.6972901128428622,0.6973016382826775,0.7283618924817339,0.7283693658813781,0.732289421689338,0.8272365109021094,0.8291562925027068
0.05264169441273476,0.0526432463363805,0.6925559802935592,0.695666536395496,0.6956779299460075,0.7270293691732046,0.7270364813304577,0.7320850607933567,0.8292995211415773,0.8309236772123783
0.07886044533036725,0.07886258738073182,0.6907652865380282,0.6927357503375042,0.6927466718918569,0.7252016098107755,0.7252086580733127,0.7317460540941844,0.8326416147255141,0.8336075328567043
0.10496064660598854,0.10496348708857113,0.6882968937969368,0.6883076989035299,0.6884351175954182,0.7233109836300811,0.7233176733564595,0.7312847878436622,0.8368819359480824,0.8371361082571215
0.13089821715683705,0.13090175181310015,0.6822570358761835,0.6822666841591293,0.68570141821287,0.721680540075069,0.7216870352234986,0.7307171338158419,0.8403541231337426,0.8426254276512531
0.15662855436393677,0.15663277794634017,0.6746784524490395,0.6746874265099038,0.6827034224521491,0.720443061244571,0.7204496710318631,0.7300621618898628,0.8436113676086191,0.8489537433562373
0.1821034742996511,0.1821083568881077,0.6657286066299657,0.6657370759687831,0.6795657588629304,0.719588166519219,0.7195952444497962,0.7293411640315626,0.8463166000546797,0.8463289358189535
0.20727083946029118,0.20727641293563154,0.6555952037075325,0.6556032214387768,0.6763968704556756,0.7190472424984546,0.7190547268409123,0.7285764290865083,0.8483359227670851,0.848360708402256
0.23207129249997283,0.23207752667594828,0.6444444303254294,0.6444521231367397,0.6732875218582131,0.7187468578801803,0.7187549742351454,0.7277910402201916,0.8497328840490769,0.849760789184722
0.25643650285213965,0.2564433847847065,0.6324136742121232,0.6324211056131658,0.6703121123028217,0.7186255623816135,0.7186343114266518,0.727007498352755,0.8506336404258098,0.8506632978729063
0.28028300566771813,0.28029052729798504,0.6196224960258082,0.6196297091347054,0.6675302654825941,0.71863421688391,0.7186436128805815,0.726247156176467,0.8511721889924754,0.8512031338877939
0.3035049164653579,0.3035130663933199,0.6061907838997523,0.6061978062412199,0.664989739089131,0.718734136522893,0.7187441346704401,0.7255300323016418,0.8514560717454789,0.8514879723978641
0.32595764955651485,0.3259664099082913,0.592261160724978,0.5922680084574,0.6627279233320598,0.7188923719632925,0.7189029449210165,0.7248740437237285,0.8515666426389215,0.851599255626141
0.3474307837009599,0.34744014735510914,0.5780341287193423,0.5780407982888326,0.6607740894610883,0.7190809730229674,0.7190920610605078,0.7242950250756197,0.851567330807384,0.8516004739918079
0.3675926406303892,0.3676025935540209,0.5638271590859791,0.5638336318495814,0.6591507415728876,0.7192753397718543,0.7192868653273736,0.7238064461279208,0.8515086620972461,0.8515421894958872
0.38588121384048407,0.3858917377424634,0.5501865593634601,0.5501928215361299,0.6578745885248948,0.7194538431998204,0.7194657350264283,0.723419263339643,0.851430378390006,0.8514642047807599
0.4013020014719136,0.40131301180047835,0.5380934793849702,0.5380995161381763,0.656957955405807,0.7195990299333237,0.7196111946564947,0.7231421000979306,0.8513642196226716,0.851398270928225
0.4121614048837789,0.4121726458820353,0.5292304607014487,0.5292362931977268,0.6564089160847936,0.7196973104644052,0.7197096536134571,0.7229809607324226,0.8513318729725249,0.8513661239739855
0.41623774663681573,0.4162486777366196,0.5258127327480056,0.5258184967355501,0.6562322603903221,0.7197403489884916,0.7197527684231975,0.7229395350912723,0.8513472947470575,0.8513817000199242
0.4167741334299031,0.41702312466933394,0.5261076623692714,0.5262829064400103,0.6549877598355587,0.7192762095533586,0.7203475225667969,0.7225291060206325,0.8514314276114779,0.8520149973020031
0.41837009827735655,0.41933573919857536,0.5269762773991153,0.527661720424087,0.6514443984169851,0.7178493308867225,0.7201613853257693,0.7231628687340904,0.8516763015735758,0.8538907586141604
0.4210061154860015,0.42313323761583316,0.5283883559113075,0.5298920748852268,0.6460485926027395,0.7154793583043974,0.7176199237107351,0.726094061519831,0.8521132338739392,0.8568863693180124
0.4246472823619256,0.42833218093459285,0.5302861220668202,0.5328714922797004,0.6392907407456042,0.7121873914659642,0.7140388553737194,0.7297244643425097,0.8527767509936476,0.8608342632189568
0.4292460224786735,0.43481953882392493,0.532579200998203,0.5364536484686071,0.631598284104353,0.7080195336953832,0.7096816534815603,0.7336235435418811,0.8537055180746115,0.8655365621738811
0.43474316120700285,0.4424550563980903,0.5351309113661187,0.5404452645103249,0.6233351406293705,0.70306055159279,0.7047210668853298,0.7375598134229701,0.8549316233342412,0.8707820715704503
0.4410689628097494,0.4510734798419961,0.5377336743117179,0.5446025883196015,0.614847847826461,0.6974473593712288,0.6993212718503387,0.7413859790875912,0.8564699308164847,0.8763527692611057
0.4481434823583449,0.4604838991247923,0.540065246216078,0.5486281876923659,0.6065309123689745,0.6913789864187027,0.6936493783656085,0.7450000956813143,0.8582967951525445,0.8820178410898916
0.45587591133258126,0.47046651236794357,0.5416253895516204,0.5521729008804793,0.5989049855810284,0.6851237552285429,0.6878838514388416,0.748322975013106,0.8603095635148373,0.8870143010047131
0.4641615164312878,0.480763531600022,0.5417029058668282,0.5548528360919854,0.5926595112716648,0.679016217799543,0.6822234566421688,0.7512868587188699,0.8622204619089607,0.8818431533698439
0.47287238636895723,0.4910575890737664,0.5395624144612203,0.556298840211721,0.5884753956198011,0.6734338771467366,0.6768974802719433,0.7538270994906557,0.8633076636193339,0.8779912936481358
0.4818313217735555,0.5009264949190818,0.5349790776403135,0.5562647884992601,0.5865172592821367,0.6687452428357995,0.6721737831806934,0.7558836274179942,0.8626329307301756,0.8769325220027828
0.4907183161020744,0.509736181168751,0.5285837345112919,0.5548216042339956,0.5861889824845529,0.6652379046168297,0.6683563628808511,0.7574015807726384,0.8607460102066982,0.8779252297676036
0.4986101093677377,0.5164050222742782,0.5218927078879886,0.5526628642499425,0.5865993162220243,0.6630696108743924,0.665759190960296,0.7583367490599308,0.8590546057922968,0.8788885635821984
0.5016496233546426,0.5189566592243062,0.5194297155158107,0.5513228510604675,0.5870755693273838,0.6622849455377758,0.6646433475108715,0.7586621896535487,0.8582736591665528,0.8782573866069033
0.501580201809268,0.5175411193056567,0.520304639975207,0.549680612434892,0.5891895199216443,0.6628759920715339,0.6652231120144481,0.7577615127768982,0.8587720583558563,0.8786071306889842
0.5013850709836115,0.5154359774660158,0.5208828177612288,0.5456828477761505,0.5946086776214347,0.6645801086662545,0.6669348463997247,0.7552312496717809,0.8602203730655903,0.8762745780626459
0.5010770715935726,0.5130265368673712,0.5209418607279488,0.5407091769900543,0.6019408655937525,0.6672244139758148,0.6697147960149187,0.7512308124299009,0.8625768995702426,0.8663647893853782
0.500675428158539,0.510474832373616,0.5205598400928294,0.5356037969963642,0.6103189774587066,0.6705107732755718,0.673493318045777,0.7459794409319974,0.8557614159437942,0.8658491506471722
0.5002015259210997,0.5079450711037374,0.5198542539145171,0.5307948077449149,0.6192765458716568,0.6741060701733612,0.6781306425407793,0.739719667973688,0.8454391781384215,0.8699120088542001
0.4996742004566949,0.5055969581740265,0.5189570395265364,0.526514024192764,0.6285189584284436,0.6777318485883407,0.6833475606627938,0.7327015762682768,0.8356347445880369,0.874722393927615
0.49910438202480106,0.5035805896185368,0.5179926880909225,0.5229062348672687,0.6377948022828367,0.681142207557175,0.6887560093786379,0.725195376003791,0.826638991753023,0.8801917997701593
0.49850092497789444,0.5020241156255395,0.5170567248539447,0.520082323880843,0.6467976859163521,0.6840987327943447,0.6938831600540428,0.7175444111576549,0.8188203745304986,0.8862209903217673
0.4979116724043179,0.5009886663133991,0.5162007354970196,0.5181457493958752,0.6550111903997767,0.6863789627055623,0.6981622522075757,0.710316137371284,0.8126440434247719,0.8926885551532702
0.4974631717606917,0.5004264411225439,0.515511406940606,0.5171180597716651,0.6613693249044481,0.6877989060113663,0.7008642211321989,0.7047451279369954,0.8086369551357221,0.8994195141885617
0.49729459605541393,0.5002465966914651,0.515234449427792,0.5168181279989543,0.6639076424765488,0.6882606139450234,0.7011024272299927,0.7031866178028159,0.8072538537447373,0.9051326662290644
