0.0,0.0,0.44610251738633544,0.44633497150870743,0.4463631047965303,0.48114997596782033
0.05846470643010314,0.058465555339953935,0.4352374195598518,0.4354125447887939,0.4471651784364739,0.48343541424778047
0.11487080865300849,0.11487219624668449,0.4120891019739621,0.41220825706856057,0.44933755863357655,0.4900370529999455
0.1665541423248545,0.1665559256895868,0.3844662940973201,0.3845567916572204,0.4521851892086462,0.49775276435631627
0.2083589531003161,0.20836393989110102,0.35759251487298416,0.35767254621760886,0.45464469031537375,0.5040501226538694
0.2268516793189145,0.2268610014891311,0.3441815705482301,0.3442620104259903,0.4556274453142348,0.5071277449970525
0.2302511751244362,0.23410085816904116,0.3464063117283232,0.3490614001943047,0.45031935349618346,0.49219997175304003
0.23948094086901078,0.25371588392012867,0.3524277590524881,0.3622962528387521,0.4371102589978713,0.47362313375386006
0.25183946789399786,0.28032293299098965,0.3610353041413938,0.3799600766909911,0.4213391973380385,0.45645005289019286
0.2629887661372447,0.30600523277364416,0.3696250744544169,0.3959723464555446,0.40823368440417107,0.44299810616367824
0.2676434738647482,0.31792209285165557,0.3735934886452202,0.40273889744381286,0.40297086000478516,0.4374620424075325
0.2623697318399342,0.3045971996488307,0.3716511929631646,0.3995660946531323,0.4049977550473865,0.4389594848280233
0.24463620799278904,0.26998036733596287,0.37533630479053764,0.39517857608457096,0.4110135442777688,0.44321672931763606
0.2125230055818346,0.22429686940928448,0.38598603535126086,0.39733128399313355,0.4197188273965668,0.4498951352467974
0.16828140522938015,0.17264455421663102,0.4010351782351382,0.4072175049391318,0.42941234532251393,0.4584189354992749
0.11599119425017718,0.1171468768285932,0.41858885866518664,0.42210125199955595,0.43815119932779684,0.46794521398844957
0.05905175553401536,0.059185393436248415,0.4362848427792288,0.4378897737946263,0.4441345768620484,0.4768571601932711
0.0,0.0,0.4461025206016962,0.44633496541806295,0.44636310520970945,0.48114746478494264
0.05635728474279879,0.05635866570229263,0.43829197034567857,0.43842836745523833,0.4435626935294151,0.4756687129575057
0.11139532242771824,0.11139851962783005,0.42451693746852415,0.42462863316323823,0.4366130965467446,0.46539339016718717
0.1636656812322155,0.16367164811880705,0.4119494746291339,0.41205311239348097,0.4277205251662322,0.4553779446480867
0.2115108598856201,0.21152121473936264,0.40249663731724034,0.4026009421621724,0.41886489931202,0.4471279926157589
0.2531552587349798,0.2531723326436294,0.3967360167262814,0.39684634166648175,0.41133489872308976,0.44109171068786746
0.2871251997258823,0.28715193900058605,0.3945159371172148,0.3946349254169017,0.4057713127457398,0.43721082158888663
0.3127084957415539,0.31274820334435444,0.3951820914740402,0.39530955387030886,0.4022511708912962,0.4350857764502572
0.3293601652417664,0.3294146962468878,0.39782296288651703,0.3979592283449236,0.40044665045589484,0.43414912430657526
0.33537221489017366,0.33543515419287956,0.39978766539556415,0.3999673292653705,0.4000172567017391,0.43390136276711117
0.3268608517500608,0.3310639083461989,0.39619041644404374,0.39940371749648873,0.4000031273908438,0.4363524803708256
0.30690577567475685,0.31850380143732615,0.38698864371251573,0.39700113948497223,0.40403194615174254,0.4427839668375878
0.2835604226953413,0.2989357053284527,0.3752599031416219,0.3901317898536062,0.4128385752780521,0.45213775031254944
0.26135825660138406,0.27501828752825647,0.36339173318398343,0.37731106844402895,0.4249139264567485,0.46404001115614074
0.24312226903745232,0.25129835912191995,0.3533221095326884,0.3616170464116565,0.4384273935154772,0.478141991881096
0.23107729294902368,0.23351372983256263,0.34659077276156364,0.34900166124118087,0.45040145296280965,0.4938500433669706
0.2268516833375915,0.22686100577822013,0.3441815738098152,0.344262011978379,0.4556274578917523,0.5071320520763187
0.3353722135082654,0.33543515205699714,0.3997876652841014,0.399967329103852,0.40001725732280946,0.4338703276405215
0.3253923556834304,0.33362197419518913,0.39696790870155935,0.398928449175396,0.39914867572525997,0.4361884247156351
0.3052079302738721,0.3290603402120645,0.3897294811376043,0.3978146916737655,0.398023931437841,0.44078192171658304
0.2858153302357985,0.32367104091228815,0.38170629468111483,0.3984444045043125,0.3986529608911142,0.44289465740065115
0.2724088194919709,0.3194846659919011,0.37576145170438574,0.40098417057090135,0.401204739835214,0.44009537182132724
0.2676434707003374,0.31792208519890397,0.37359349022778,0.40273889800789564,0.4029708639887341,0.43746202628275793
