0.0,0.0,0.0
0.023809523809523808,-0.023809523809523808,0.023809523809523808
0.047619047619047616,-0.047619047619047616,0.047619047619047616
0.07142857142857142,-0.07142857142857142,0.07142857142857142
0.09523809523809523,-0.09523809523809523,0.09523809523809523
0.11904761904761904,-0.11904761904761904,0.11904761904761904
0.14285714285714285,-0.14285714285714285,0.14285714285714285
0.16666666666666666,-0.16666666666666666,0.16666666666666666
0.19047619047619047,-0.19047619047619047,0.19047619047619047
0.21428571428571427,-0.21428571428571427,0.21428571428571427
0.23809523809523808,-0.23809523809523808,0.23809523809523808
0.2619047619047619,-0.2619047619047619,0.2619047619047619
0.2857142857142857,-0.2857142857142857,0.2857142857142857
0.30952380952380953,-0.30952380952380953,0.30952380952380953
0.3333333333333333,-0.3333333333333333,0.3333333333333333
0.3571428571428571,-0.3571428571428571,0.3571428571428571
0.38095238095238093,-0.38095238095238093,0.38095238095238093
0.4047619047619047,-0.4047619047619047,0.4047619047619047
0.42857142857142855,-0.42857142857142855,0.42857142857142855
0.45238095238095233,-0.45238095238095233,0.45238095238095233
0.47619047619047616,-0.47619047619047616,0.47619047619047616
0.5,-0.5,0.5
0.4666666666666667,-0.4666666666666667,0.5
0.43333333333333335,-0.43333333333333335,0.5
0.39999999999999997,-0.39999999999999997,0.5
0.3666666666666667,-0.3666666666666667,0.5
0.3333333333333333,-0.3333333333333333,0.5
0.3,-0.3,0.5
0.26666666666666666,-0.26666666666666666,0.5
0.23333333333333334,-0.23333333333333334,0.5
0.19999999999999998,-0.19999999999999998,0.5
0.16666666666666666,-0.16666666666666666,0.5
0.13333333333333333,-0.13333333333333333,0.5
0.10000000000000002,-0.10000000000000002,0.5
0.06666666666666665,-0.06666666666666665,0.5
0.033333333333333326,-0.033333333333333326,0.5
0.0,0.0,0.5
0.0,0.0,0.4666666666666667
0.0,0.0,0.43333333333333335
0.0,0.0,0.39999999999999997
0.0,0.0,0.3666666666666667
0.0,0.0,0.3333333333333333
0.0,0.0,0.3
0.0,0.0,0.26666666666666666
0.0,0.0,0.23333333333333334
0.0,0.0,0.19999999999999998
0.0,0.0,0.16666666666666666
0.0,0.0,0.13333333333333333
0.0,0.0,0.10000000000000002
0.0,0.0,0.06666666666666665
0.0,0.0,0.033333333333333326
0.0,0.0,0.0
0.013888888888888888,0.013888888888888888,0.013888888888888888
0.027777777777777776,0.027777777777777776,0.027777777777777776
0.04166666666666667,0.04166666666666667,0.04166666666666667
0.05555555555555555,0.05555555555555555,0.05555555555555555
0.06944444444444445,0.06944444444444445,0.06944444444444445
0.08333333333333334,0.08333333333333334,0.08333333333333334
0.09722222222222221,0.09722222222222221,0.09722222222222221
0.1111111111111111,0.1111111111111111,0.1111111111111111
0.125,0.125,0.125
0.1388888888888889,0.1388888888888889,0.1388888888888889
0.1527777777777778,0.1527777777777778,0.1527777777777778
0.16666666666666669,0.16666666666666669,0.16666666666666669
0.18055555555555552,0.18055555555555552,0.18055555555555552
0.19444444444444442,0.19444444444444442,0.19444444444444442
0.20833333333333331,0.20833333333333331,0.20833333333333331
0.2222222222222222,0.2222222222222222,0.2222222222222222
0.2361111111111111,0.2361111111111111,0.2361111111111111
0.25,0.25,0.25
0.2638888888888889,0.20833333333333334,0.2638888888888889
0.2777777777777778,0.16666666666666666,0.2777777777777778
0.29166666666666663,0.12499999999999999,0.29166666666666663
0.3055555555555555,0.08333333333333333,0.3055555555555555
0.3194444444444444,0.04166666666666666,0.3194444444444444
0.3333333333333333,-2.7755575615628914e-17,0.3333333333333333
0.3472222222222222,-0.04166666666666666,0.3472222222222222
0.3611111111111111,-0.08333333333333331,0.3611111111111111
0.375,-0.125,0.375
0.38888888888888884,-0.16666666666666666,0.38888888888888884
0.4027777777777778,-0.20833333333333334,0.4027777777777778
0.41666666666666663,-0.25,0.41666666666666663
0.4305555555555555,-0.29166666666666663,0.4305555555555555
0.4444444444444444,-0.3333333333333333,0.4444444444444444
0.4583333333333333,-0.37499999999999994,0.4583333333333333
0.4722222222222222,-0.41666666666666663,0.4722222222222222
0.4861111111111111,-0.4583333333333333,0.4861111111111111
0.5,-0.5,0.5
0.25,0.25,0.25
0.22499999999999998,0.22499999999999998,0.27499999999999997
0.2,0.2,0.3
0.17500000000000002,0.17500000000000002,0.325
0.15,0.15,0.35
0.12499999999999999,0.12499999999999999,0.375
0.1,0.1,0.4
0.075,0.075,0.42499999999999993
0.05,0.05,0.44999999999999996
0.024999999999999994,0.024999999999999994,0.475
0.0,0.0,0.5
